image_path,true,pred,top1,top2
data/balanced_augmented_dataset/test/Greenstick/Greenstick_13_mri_0_5388_jpeg.rf.d1d46273fa017058bcc9f46082f918b9_0012.jpg,1,0,0,0
data/balanced_augmented_dataset/test/Oblique/Oblique_9_jpg.rf.4a2eecbaf02555d48ef01a5e9f9932e8_0005.jpg,3,0,0,0
data/balanced_augmented_dataset/test/Oblique_Displaced/Oblique_Displaced_126_jpg.rf.0817bf53fcdec596783e0c6dcc5d7d50_0007.jpg,4,1,1,1
data/balanced_augmented_dataset/test/Oblique_Displaced/Oblique_Displaced_185_jpg.rf.296574d4d73b3b275f98485e55929b36_0015.jpg,4,1,1,1
data/balanced_augmented_dataset/test/Oblique_Displaced/Oblique_Displaced_91_jpg.rf.1f659d563a72001008a4cb4e1e1ac122_0000.jpg,4,1,1,1
data/balanced_augmented_dataset/test/Oblique_Displaced/Oblique_Displaced_63_jpg.rf.c698f6c8c2ba783c371de27e0ca0ea04_0011.jpg,4,0,0,0
data/balanced_augmented_dataset/test/Oblique_Displaced/Oblique_Displaced_52_jpg.rf.19ca51e05ef80f6e534a232fb6d9f2f7_0002.jpg,4,0,0,0
data/balanced_augmented_dataset/test/Oblique_Displaced/Oblique_Displaced_134_jpg.rf.afc3aa7bb9317657032c1dd9ad21bb58_0001.jpg,4,0,0,0
data/balanced_augmented_dataset/test/Oblique_Displaced/Oblique_Displaced_16_jpg.rf.58205b8491b7ddc98278f4a39eb42bd4_0003.jpg,4,6,6,6
data/balanced_augmented_dataset/test/Oblique_Displaced/Oblique_Displaced_216_jpg.rf.09c682c0a1a75e88eafc00c803df046d_0013.jpg,4,0,0,0
data/balanced_augmented_dataset/test/Oblique_Displaced/Oblique_Displaced_62_jpg.rf.f047a0d102d9314c2c7a2b8ddc83d6a4_0016.jpg,4,0,0,0
data/balanced_augmented_dataset/test/Oblique_Displaced/Oblique_Displaced_5_jpg.rf.d4f1d168998b27496281d8000f5b56bf_0006.jpg,4,1,1,1
data/balanced_augmented_dataset/test/Oblique_Displaced/Oblique_Displaced_51_jpg.rf.6163f82a04ac7d9d186954f7e45adb1b_0005.jpg,4,1,1,1
data/balanced_augmented_dataset/test/Oblique_Displaced/Oblique_Displaced_26_jpg.rf.9fd8e961b12f19ff793e75331f9b7753_0004.jpg,4,3,3,3
data/balanced_augmented_dataset/test/Oblique_Displaced/Oblique_Displaced_52_jpg.rf.820332e1fecaaa6f3b4f627380098c96_0010.jpg,4,0,0,0
data/balanced_augmented_dataset/test/Oblique_Displaced/Oblique_Displaced_15_jpg.rf.5375438e888d9920b659ec4d1e6ada9c_0014.jpg,4,3,3,3
data/balanced_augmented_dataset/test/Oblique_Displaced/Oblique_Displaced_97_jpg.rf.6fa1275bfbe9a10964859947ff34aa27_0009.jpg,4,1,1,1
data/balanced_augmented_dataset/test/Oblique_Displaced/Oblique_Displaced_153_jpg.rf.377dd7ac02acd51e04cd3613b0816efe_0008.jpg,4,1,1,1
data/balanced_augmented_dataset/test/Oblique_Displaced/Oblique_Displaced_162_jpg.rf.ac30e1cc085a0f7de3053f1a155fde2d_0012.jpg,4,0,0,0
data/balanced_augmented_dataset/test/Transverse/Transverse_1_jpg.rf.7cb5b0dcc7238ca93c479d93284daa01_0008.jpg,6,0,0,0
data/balanced_augmented_dataset/test/Transverse_Displaced/Transverse_Displaced_69_jpg.rf.2719c75f64f1281b6d2fde87672137b5_0015.jpg,7,3,3,3
data/balanced_augmented_dataset/test/Transverse_Displaced/Transverse_Displaced_29_jpg.rf.e58e5474c3bfe22386d7fc8ff275812a_0014.jpg,7,1,1,1
data/balanced_augmented_dataset/test/Transverse_Displaced/Transverse_Displaced_122_jpg.rf.0098daba0e5d1d4e575c91f2482b8649_0000.jpg,7,5,5,5
data/balanced_augmented_dataset/test/Transverse_Displaced/Transverse_Displaced_58_jpg.rf.e57b879814d534f08d75dc5b34737dcd_0004.jpg,7,0,0,0
data/balanced_augmented_dataset/test/Transverse_Displaced/Transverse_Displaced_149_jpg.rf.db6198d03b6a213a007469309023a78b_0016.jpg,7,6,6,6
data/balanced_augmented_dataset/test/Transverse_Displaced/Transverse_Displaced_19_mri_0_9576_jpeg.rf.4a1a56c970e3371b11193a33fa1ecb4c_0013.jpg,7,0,0,0
data/balanced_augmented_dataset/test/Transverse_Displaced/Transverse_Displaced_139_jpg.rf.f6d15b51cf51fa8fda93fa4016bbb957_0001.jpg,7,1,1,1
data/balanced_augmented_dataset/test/Transverse_Displaced/Transverse_Displaced_133_jpg.rf.9d048606cd0939e5f74503f9e42f5f26_0012.jpg,7,2,2,2
data/balanced_augmented_dataset/test/Transverse_Displaced/Transverse_Displaced_59_jpg.rf.50f3d8b103644341d682a29b8965c707_0003.jpg,7,0,0,0
data/balanced_augmented_dataset/test/Transverse_Displaced/Transverse_Displaced_128_jpg.rf.61e504aaf99b9df4a19c66cdf6b1898a_0006.jpg,7,0,0,0
data/balanced_augmented_dataset/test/Transverse_Displaced/Transverse_Displaced_132_jpg.rf.cd34131e4299cef2bba36b8c1596c8b3_0010.jpg,7,0,0,0
data/balanced_augmented_dataset/test/Transverse_Displaced/Transverse_Displaced_49_jpg.rf.6c4e46e109a3fe19b86fa1579c73cc13_0011.jpg,7,1,1,1
data/balanced_augmented_dataset/test/Transverse_Displaced/Transverse_Displaced_224_jpg.rf.dac498242c6bca92e33acdda74e9ccb3_0007.jpg,7,2,2,2
data/balanced_augmented_dataset/test/Transverse_Displaced/Transverse_Displaced_19_mri_0_9576_jpeg.rf.142a49a1fe89e3f28c8bdff2b1346135_0008.jpg,7,0,0,0
data/balanced_augmented_dataset/test/Transverse_Displaced/Transverse_Displaced_149_jpg.rf.3b95c03cb6b56458ad576ea87d7301af_0002.jpg,7,0,0,0
data/balanced_augmented_dataset/test/Transverse_Displaced/Transverse_Displaced_208_jpg.rf.6d15d106ec4ad93215fe1b0981dacc35_0005.jpg,7,0,0,0
data/balanced_augmented_dataset/test/Transverse_Displaced/Transverse_Displaced_85_jpg.rf.32697d7d2444a34a01b41f290e609cd5_0009.jpg,7,3,3,3
